{
  "depth": 200,
  "dataset": "cifar100",
  "seed": 42,
  "num_batches": 50,
  "models": {
    "baseline": {
      "label": "ResNet (skip connection)",
      "block_names": [
        "layer1.0",
        "layer1.1",
        "layer1.2",
        "layer2.0",
        "layer2.1",
        "layer2.2",
        "layer2.3",
        "layer2.4",
        "layer2.5",
        "layer2.6",
        "layer2.7",
        "layer2.8",
        "layer2.9",
        "layer2.10",
        "layer2.11",
        "layer2.12",
        "layer2.13",
        "layer2.14",
        "layer2.15",
        "layer2.16",
        "layer2.17",
        "layer2.18",
        "layer2.19",
        "layer2.20",
        "layer2.21",
        "layer2.22",
        "layer2.23",
        "layer3.0",
        "layer3.1",
        "layer3.2",
        "layer3.3",
        "layer3.4",
        "layer3.5",
        "layer3.6",
        "layer3.7",
        "layer3.8",
        "layer3.9",
        "layer3.10",
        "layer3.11",
        "layer3.12",
        "layer3.13",
        "layer3.14",
        "layer3.15",
        "layer3.16",
        "layer3.17",
        "layer3.18",
        "layer3.19",
        "layer3.20",
        "layer3.21",
        "layer3.22",
        "layer3.23",
        "layer3.24",
        "layer3.25",
        "layer3.26",
        "layer3.27",
        "layer3.28",
        "layer3.29",
        "layer3.30",
        "layer3.31",
        "layer3.32",
        "layer3.33",
        "layer3.34",
        "layer3.35",
        "layer4.0",
        "layer4.1",
        "layer4.2"
      ],
      "gradient_norms": [
        3666.562001411047,
        2168.266835996749,
        1497.722459401552,
        1783.5629410301044,
        1106.9237473081091,
        777.2879642217739,
        570.2751576036442,
        431.1505654093692,
        341.7786708106354,
        276.45694543694344,
        228.67771755148013,
        194.9122836132844,
        167.3261086198741,
        141.45753663479852,
        129.03680525689347,
        110.50896309995264,
        100.87574016848843,
        91.30935964847339,
        82.43770329506201,
        74.50423921212305,
        68.64564766215457,
        62.29189261984121,
        57.29350229824967,
        53.79120615974516,
        49.21412303822327,
        45.62348114020502,
        42.70241789989423,
        127.641439294484,
        80.17305099684026,
        57.04295788469627,
        42.61310241783719,
        32.868469684275205,
        26.58246458377248,
        22.106832634914163,
        18.277014936401628,
        15.612435837991063,
        13.425351800023536,
        11.81616509377918,
        10.478277849924147,
        9.283372825224497,
        8.35236487408232,
        7.449131991178328,
        6.794538154270475,
        6.2004964185638585,
        5.7156729169146,
        5.255291529933214,
        4.865310181422195,
        4.528292771167042,
        4.245233636655488,
        3.9099107095379138,
        3.724537686507207,
        3.5199734832299585,
        3.3204112387285374,
        3.095405498043596,
        2.965908788498621,
        2.821848920308545,
        2.6565586609574687,
        2.557310890364772,
        2.4401994928554194,
        2.3109386215363337,
        2.264229145189716,
        2.1838602256207595,
        2.108270380290079,
        8.295203361817482,
        5.757830829661195,
        5.44620999069999
      ],
      "num_blocks": 66
    },
    "lrs_low": {
      "label": "LRS Low (\u03b1\u22480.12)",
      "block_names": [
        "layer1.0",
        "layer1.1",
        "layer1.2",
        "layer2.0",
        "layer2.1",
        "layer2.2",
        "layer2.3",
        "layer2.4",
        "layer2.5",
        "layer2.6",
        "layer2.7",
        "layer2.8",
        "layer2.9",
        "layer2.10",
        "layer2.11",
        "layer2.12",
        "layer2.13",
        "layer2.14",
        "layer2.15",
        "layer2.16",
        "layer2.17",
        "layer2.18",
        "layer2.19",
        "layer2.20",
        "layer2.21",
        "layer2.22",
        "layer2.23",
        "layer3.0",
        "layer3.1",
        "layer3.2",
        "layer3.3",
        "layer3.4",
        "layer3.5",
        "layer3.6",
        "layer3.7",
        "layer3.8",
        "layer3.9",
        "layer3.10",
        "layer3.11",
        "layer3.12",
        "layer3.13",
        "layer3.14",
        "layer3.15",
        "layer3.16",
        "layer3.17",
        "layer3.18",
        "layer3.19",
        "layer3.20",
        "layer3.21",
        "layer3.22",
        "layer3.23",
        "layer3.24",
        "layer3.25",
        "layer3.26",
        "layer3.27",
        "layer3.28",
        "layer3.29",
        "layer3.30",
        "layer3.31",
        "layer3.32",
        "layer3.33",
        "layer3.34",
        "layer3.35",
        "layer4.0",
        "layer4.1",
        "layer4.2"
      ],
      "gradient_norms": [
        4932.932117475775,
        1838.9587043665886,
        1995.8491060039194,
        4765.615669995992,
        1694.598656278337,
        1871.105012664693,
        2050.9049855056574,
        2216.1755698978377,
        2239.7610117604345,
        2191.1248897811097,
        2093.0488486811605,
        2002.3603779671362,
        1843.489138417128,
        1639.2197716497476,
        1450.245337188732,
        1232.99838085194,
        1046.4828685290202,
        894.3485779348177,
        748.191201088894,
        633.7384731644032,
        525.7466204904433,
        433.1218001479367,
        355.86008903492797,
        292.2656369505803,
        237.6769855554364,
        195.12379499933624,
        159.3354925304975,
        171.4416007845122,
        60.98910383109465,
        68.12011670635427,
        75.07226400024805,
        78.82866447181028,
        83.08132179887501,
        83.6941452947619,
        82.08821622656862,
        77.63183806523587,
        74.01040467507529,
        66.10941057488031,
        59.499385908912224,
        51.724916801042134,
        44.86015876157102,
        38.39115507367949,
        32.98827326431888,
        28.086405365795926,
        23.601500975539533,
        19.757904784589606,
        16.5337539968394,
        13.813765861415927,
        11.57213468248945,
        9.492708699079692,
        8.014488382187647,
        6.655193265098814,
        5.532295488284908,
        4.559352492670103,
        3.81673726468979,
        3.207157395867242,
        2.6971513410802856,
        2.2491666915815607,
        1.8891044293558563,
        1.60525022862319,
        1.3586219254252112,
        1.2046823003988374,
        1.0914700871629923,
        1.70689993772461,
        0.5046741935004668,
        0.6367406459358335
      ],
      "num_blocks": 66
    },
    "plain_he": {
      "label": "Plain Network (no skip)",