{
  "depth": 152,
  "dataset": "cifar100",
  "seed": 42,
  "num_batches": 50,
  "models": {
    "baseline": {
      "label": "ResNet (skip connection)",
      "block_names": [
        "layer1.0",
        "layer1.1",
        "layer1.2",
        "layer2.0",
        "layer2.1",
        "layer2.2",
        "layer2.3",
        "layer2.4",
        "layer2.5",
        "layer2.6",
        "layer2.7",
        "layer3.0",
        "layer3.1",
        "layer3.2",
        "layer3.3",
        "layer3.4",
        "layer3.5",
        "layer3.6",
        "layer3.7",
        "layer3.8",
        "layer3.9",
        "layer3.10",
        "layer3.11",
        "layer3.12",
        "layer3.13",
        "layer3.14",
        "layer3.15",
        "layer3.16",
        "layer3.17",
        "layer3.18",
        "layer3.19",
        "layer3.20",
        "layer3.21",
        "layer3.22",
        "layer3.23",
        "layer3.24",
        "layer3.25",
        "layer3.26",
        "layer3.27",
        "layer3.28",
        "layer3.29",
        "layer3.30",
        "layer3.31",
        "layer3.32",
        "layer3.33",
        "layer3.34",
        "layer3.35",
        "layer4.0",
        "layer4.1",
        "layer4.2"
      ],
      "gradient_norms": [
        1078.2979119841903,
        634.0391876635745,
        438.7778211637316,
        552.5632549630004,
        345.3863588040627,
        243.95930674185223,
        182.85141848145932,
        138.10851048682062,
        110.77983461811691,
        89.63466532433794,
        75.99592795867646,
        139.1172124889985,
        87.88173591180819,
        61.57729717291159,
        45.36882265261288,
        34.95471011451732,
        28.279299330387275,
        23.273434407599865,
        19.270329508378225,
        16.508686407049325,
        14.18097793958142,
        12.366317213589783,
        10.9327864801369,
        9.680365136808836,
        8.720922541580283,
        7.938142892005796,
        7.121470919320468,
        6.532153839430623,
        5.914705996306099,
        5.448968318175244,
        5.087498032075938,
        4.694178876529799,
        4.3899614381511896,
        4.040766791793095,
        3.7996817122697912,
        3.560882971360658,
        3.356739578700413,
        3.1686439496948537,
        2.995933822284753,
        2.8426036278018803,
        2.7108581239183476,
        2.556529062578517,
        2.4715877097810903,
        2.3817626565600465,
        2.279554844514649,
        2.1616745939891784,
        2.132765932212132,
        8.301750442513066,
        5.864879003327437,
        5.500449174034645
      ],
      "num_blocks": 50
    },
    "lrs_low": {
      "label": "LRS Low (\u03b1\u22480.12)",
      "block_names": [
        "layer1.0",
        "layer1.1",
        "layer1.2",
        "layer2.0",
        "layer2.1",
        "layer2.2",
        "layer2.3",
        "layer2.4",
        "layer2.5",
        "layer2.6",
        "layer2.7",
        "layer3.0",
        "layer3.1",
        "layer3.2",
        "layer3.3",
        "layer3.4",
        "layer3.5",
        "layer3.6",
        "layer3.7",
        "layer3.8",
        "layer3.9",
        "layer3.10",
        "layer3.11",
        "layer3.12",
        "layer3.13",
        "layer3.14",
        "layer3.15",
        "layer3.16",
        "layer3.17",
        "layer3.18",
        "layer3.19",
        "layer3.20",
        "layer3.21",
        "layer3.22",
        "layer3.23",
        "layer3.24",
        "layer3.25",
        "layer3.26",
        "layer3.27",
        "layer3.28",
        "layer3.29",
        "layer3.30",
        "layer3.31",
        "layer3.32",
        "layer3.33",
        "layer3.34",
        "layer3.35",
        "layer4.0",
        "layer4.1",
        "layer4.2"
      ],
      "gradient_norms": [
        424.6680418786149,
        145.3035441521463,
        164.6154395664939,
        398.72720923507245,
        145.46403614770162,
        161.83651422428593,
        174.79139416921228,
        182.98166871470355,
        190.15795766492454,
        188.6489006963019,
        184.05910406628337,
        269.5240099606874,
        98.31497958856446,
        111.32786643828888,
        120.30445772894241,
        126.0357636886063,
        129.5225489416395,
        129.4144029544482,
        126.58522576403324,
        119.47950195709231,
        109.79272619135457,
        99.67170384340396,
        88.01081244094746,
        76.22953699632805,
        64.87863986246376,
        55.57439350100733,
        46.00269392062337,
        38.45655751908334,
        32.05375009010786,
        26.4813985515696,
        21.86444518916632,
        17.930451042012102,
        14.842051671416591,
        12.210488342197655,
        10.005274555799101,
        8.123184116922184,
        6.7473917839663295,
        5.470070566352596,
        4.5035661717557165,
        3.6363068233799396,
        3.011180421630584,
        2.473126812375044,
        2.0548226619100167,
        1.7233753860751566,
        1.4389750944538533,
        1.2283015713541607,
        1.0823499708054565,
        1.4597387350542679,
        0.46026076763105295,
        0.567381780497512
      ],
      "num_blocks": 50
    },
    "plain_he": {
      "label": "Plain Network (no skip)",
      "block_names": [
        "layer1.0",
        "layer1.1",
        "layer1.2",
        "layer2.0",
        "layer2.1",
        "layer2.2",
        "layer2.3",
        "layer2.4",
        "layer2.5",
        "layer2.6",
        "layer2.7",
        "layer3.0",
        "layer3.1",
        "layer3.2",
        "layer3.3",
        "layer3.4",
        "layer3.5",
        "layer3.6",
        "layer3.7",
        "layer3.8",
        "layer3.9",
        "layer3.10",
        "layer3.11",
        "layer3.12",
        "layer3.13",
        "layer3.14",
        "layer3.15",
        "layer3.16",
        "layer3.17",
        "layer3.18",
        "layer3.19",
        "layer3.20",
        "layer3.21",
        "layer3.22",
        "layer3.23",
        "layer3.24",
        "layer3.25",
        "layer3.26",
        "layer3.27",
        "layer3.28",
        "layer3.29",
        "layer3.30",
        "layer3.31",
        "layer3.32",
        "layer3.33",
        "layer3.34",
        "layer3.35",
        "layer4.0",
        "layer4.1",
        "layer4.2"
      ],
      "gradient_norms": [
        10553263098.457714,
        5746725988.1841545,
        3289326230.0810804,
        2705581143.9798894,
        1582685303.4891293,
        934390719.5875169,
        542446353.5825105,
        318503601.96269524,
        188641234.4432862,
        113565736.56747887,
        67207498.8938811,
        56991072.43726193,
        34712670.40142769,
        21366557.664935518,
        13466540.812493008,
        8266015.695579091,
        5017226.672642739,
        3158492.958248927,
        1953862.1642376354,
        1230124.6556988128,
        780074.9537904065,
        490138.8361100473,
        314610.29962587706,
        194123.78350828972,
        123149.87777749974,
        78353.87663064984,
        50134.81528536046,
        31041.082344527484,
        20146.562479956447,
        12791.108388740584,
        8210.096859867566,
        5323.074695952919,
        3398.470422815373,
        2158.8242552287616,
        1411.98157129641,
        888.9493493258301,
        576.3845269311328,
        359.4225630490845,
        229.94747940799942,
        149.22188204636058,
        94.52140433086991,
        60.75121313049482,
        39.289442475589766,
        24.813983414670307,
        16.007776921086176,
        10.376522217835936,
        6.771457339385132,
        6.0867789839352735,
        4.012258661270194,
        4.331010777942279
      ],
      "num_blocks": 50
    }
  }
}